{"cameraMode":{"drawMode":0,"name":"Shaded","section":"Shading Mode"},"sceneLighting":true,"audioPlay":false,"sceneViewState":{"showFog":true,"showMaterialUpdate":false,"showSkybox":true,"showFlares":true,"showImageEffects":true,"showParticleSystems":true},"in2DMode":false,"pivot":{"x":-15.965086936950684,"y":31.526378631591798,"z":-48.935462951660159},"rotation":{"x":-0.22719405591487885,"y":-0.16932006180286408,"z":0.04014720022678375,"w":-0.9581830501556397},"size":2.8578848838806154,"orthographic":false}