{"cameraMode":{"drawMode":0,"name":"Shaded","section":"Shading Mode"},"sceneLighting":false,"audioPlay":false,"sceneViewState":{"showFog":true,"showMaterialUpdate":false,"showSkybox":false,"showFlares":true,"showImageEffects":true,"showParticleSystems":true},"in2DMode":false,"pivot":{"x":0.4698447585105896,"y":-2.8065130710601808,"z":2.9366891384124758},"rotation":{"x":0.390948623418808,"y":0.507685124874115,"z":-0.27722761034965517,"w":0.7159525156021118},"size":5.7157673835754398,"orthographic":false}